﻿<?xml version="1.0" encoding="UTF-8"?>
<?xml-stylesheet href="tanques.xsl" type="text/xsl"?>
<juegoTanques>
  <jugadasDescritas>
    <jugada jugador="1" desc="Comienzo del juego moviendo hacía arriba"></jugada>
    <jugada jugador="2" desc="Comienzo del juego moviendo hacía abajo"></jugada>
    <jugada jugador="1" desc="Movimiento hacía arriba"></jugada>
    <jugada jugador="2" desc="Movimiento hacía abajo"></jugada>
    <jugada jugador="1" desc="Movimiento hacía arriba"></jugada>
    <jugada jugador="2" desc="Movimiento hacía abajo"></jugada>
    <jugada jugador="1" desc="Movimiento hacía arriba"></jugada>
    <jugada jugador="2" desc="Movimiento hacía abajo"></jugada>
    <jugada jugador="1" desc="Movimiento hacía derecha"></jugada>
    <jugada jugador="2" desc="Movimiento hacía izquierda"></jugada>
  </jugadasDescritas>
  <jugadasGraficas>
    <jugadaGrafica>
      <posicion y="5" x="1" tipo="tanque"/>
      <posicion y="4" x="8" tipo="tanque"/>
      <posicion y="3" x="2" tipo="pared"/>
      <posicion y="3" x="3" tipo="pared"/>
      <posicion y="4" x="3" tipo="pared"/>
      <posicion y="5" x="3" tipo="pared"/>
      <posicion y="6" x="3" tipo="pared"/>
      <posicion y="3" x="6" tipo="pared"/>
      <posicion y="4" x="6" tipo="pared"/>
      <posicion y="5" x="6" tipo="pared"/>
      <posicion y="6" x="6" tipo="pared"/>
      <posicion y="6" x="7" tipo="pared"/>
    </jugadaGrafica>
    <jugadaGrafica>
      <posicion y="4" x="1" tipo="tanque"/>
      <posicion y="5" x="8" tipo="tanque"/>
      <posicion y="3" x="2" tipo="pared"/>
      <posicion y="3" x="3" tipo="pared"/>
      <posicion y="4" x="3" tipo="pared"/>
      <posicion y="5" x="3" tipo="pared"/>
      <posicion y="6" x="3" tipo="pared"/>
      <posicion y="3" x="6" tipo="pared"/>
      <posicion y="4" x="6" tipo="pared"/>
      <posicion y="5" x="6" tipo="pared"/>
      <posicion y="6" x="6" tipo="pared"/>
      <posicion y="6" x="7" tipo="pared"/>
    </jugadaGrafica>
    <jugadaGrafica>
      <posicion y="3" x="1" tipo="tanque"/>
      <posicion y="6" x="8" tipo="tanque"/>
      <posicion y="3" x="2" tipo="pared"/>
      <posicion y="3" x="3" tipo="pared"/>
      <posicion y="4" x="3" tipo="pared"/>
      <posicion y="5" x="3" tipo="pared"/>
      <posicion y="6" x="3" tipo="pared"/>
      <posicion y="3" x="6" tipo="pared"/>
      <posicion y="4" x="6" tipo="pared"/>
      <posicion y="5" x="6" tipo="pared"/>
      <posicion y="6" x="6" tipo="pared"/>
      <posicion y="6" x="7" tipo="pared"/>
    </jugadaGrafica>
    <jugadaGrafica>
      <posicion y="2" x="1" tipo="tanque"/>
      <posicion y="7" x="8" tipo="tanque"/>
      <posicion y="3" x="2" tipo="pared"/>
      <posicion y="3" x="3" tipo="pared"/>
      <posicion y="4" x="3" tipo="pared"/>
      <posicion y="5" x="3" tipo="pared"/>
      <posicion y="6" x="3" tipo="pared"/>
      <posicion y="3" x="6" tipo="pared"/>
      <posicion y="4" x="6" tipo="pared"/>
      <posicion y="5" x="6" tipo="pared"/>
      <posicion y="6" x="6" tipo="pared"/>
      <posicion y="6" x="7" tipo="pared"/>
    </jugadaGrafica>
    <jugadaGrafica>
      <posicion y="2" x="2" tipo="tanque"/>
      <posicion y="7" x="7" tipo="tanque"/>
      <posicion y="3" x="2" tipo="pared"/>
      <posicion y="3" x="3" tipo="pared"/>
      <posicion y="4" x="3" tipo="pared"/>
      <posicion y="5" x="3" tipo="pared"/>
      <posicion y="6" x="3" tipo="pared"/>
      <posicion y="3" x="6" tipo="pared"/>
      <posicion y="4" x="6" tipo="pared"/>
      <posicion y="5" x="6" tipo="pared"/>
      <posicion y="6" x="6" tipo="pared"/>
      <posicion y="6" x="7" tipo="pared"/>
    </jugadaGrafica>
  </jugadasGraficas>
</juegoTanques>
